{
  "baseline": {
    "accuracy": 0.952020202020202,
    "precision": 0.9340540089085316,
    "recall": 0.9351907057905129,
    "f1": 0.9344581271700945
  },
  "attention": {
    "accuracy": 0.9494949494949495,
    "precision": 0.9328712545735653,
    "recall": 0.9363170238210587,
    "f1": 0.9344894766337475
  }
}